v/tower_0/cg/resnet_v17/conv26/Relu,147
v/tower_0/cg/resnet_v113/conv45/Relu,74
v/tower_0/cg/resnet_v17/conv25/Relu,148
v/tower_0/cg/resnet_v14/conv16/Relu,294
v/tower_0/cg/resnet_v10/conv2/Relu,592
v/tower_0/cg/resnet_v16/conv22/Relu,295
v/tower_0/cg/resnet_v110/conv35/Relu,147
v/tower_0/cg/resnet_v115/conv51/Relu,74
v/tower_0/cg/resnet_v14/conv15/Relu,294
v/tower_0/cg/resnet_v18/conv28/Relu,149
v/tower_0/cg/resnet_v12/conv8/Relu,590
v/tower_0/cg/resnet_v10/conv3/Relu,592
v/tower_0/cg/resnet_v13/conv12/Relu,295
v/tower_0/cg/resnet_v11/conv6/Relu,593
v/tower_0/cg/resnet_v111/conv37/Relu,149
v/tower_0/cg/resnet_v12/conv9/Relu,595
v/tower_0/cg/resnet_v19/conv32/Relu,149
v/tower_0/cg/resnet_v113/conv44/Relu,76
v/tower_0/cg/resnet_v114/conv47/Relu,74
v/tower_0/cg/resnet_v16/conv21/Relu,295
v/tower_0/cg/resnet_v112/conv40/Relu,147
v/tower_0/cg/resnet_v115/conv50/Relu,76
v/tower_0/cg/resnet_v111/conv38/Relu,147
v/tower_0/cg/resnet_v19/conv31/Relu,149
v/tower_0/cg/resnet_v15/conv18/Relu,294
v/tower_0/cg/resnet_v110/conv34/Relu,149
v/tower_0/cg/resnet_v15/conv19/Relu,293
v/tower_0/cg/resnet_v13/conv13/Relu,295
v/tower_0/cg/resnet_v114/conv48/Relu,73
v/tower_0/cg/resnet_v112/conv41/Relu,148
v/tower_0/cg/resnet_v11/conv5/Relu,591
v/tower_0/cg/conv0/Relu,2390
v/tower_0/cg/resnet_v18/conv29/Relu,147
